<project name="core" basedir=".">

  <!-- Path containing core.xml -->
  <dirname property="build_dir" file="${ant.file.core}"/>

<!--  ===================================================================== -->
<!--                      Global targets                                    -->
<!--  ===================================================================== -->
  <!-- Root build path -->
  <property name="build" value="${build_dir}/../"/>

  <!-- Path for compiled files -->
  <property name="build.jars" value="${build}/lib"/>

  <!-- User properties -->
  <property name="build.properties" value="${build_dir}/build.properties"/>
  <property name="version.properties" value="${build_dir}/version.properties"/>
  <property file="${build.properties}"/>
  <property file="${version.properties}"/>


  <!-- Dependency path for all services -->
  <path id="build.service.core.classpath">
    <pathelement location="${gdata-client.jar}"/>
  </path>


  <!-- Template to check if Service libs are available
  Params:
    @param template.service.name  name of the service
    @param template.service.version specificaiton version for the service
  -->
  <target name="template.require.service.jar">
    <property name="template.service.jar"
      value="${build.jars}/gdata-${template.service.name}-${template.service.version}.jar"/>
    <available
      file="${template.service.jar}"
      property="has.service.jar"/>
    <fail unless="has.service.jar">
      Missing dependency jar: ${template.service.jar}
      Please run "ant ${template.service.name}.build.${template.service.name}".
    </fail>
  </target>

  <property name="gdata-core.jar"
            value="${build.jars}/gdata-core-${client.spec.version}.jar"/>
  <property name="gdata-client-meta.jar"
            value="${build.jars}/gdata-client-meta-${client.spec.version}.jar"/>
  <property name="gdata-client.jar"
            value="${build.jars}/gdata-client-${client.spec.version}.jar"/>

</project>
